Paper,Start,End,Duration (min),Credits,Logs 
1 - 2107.07653v3,1:48,1:56,0:08,792,https://manus.im/share/TacgXI2QzBvkCdJa3DpqHj
2 - 1909.11942v6,2:00,2:13,0:13,1386,https://manus.im/share/UNmROLX9K5ltaUyx8pYgg3
3 - 2104.08727v2,2:15,2:23,0:08,694,https://manus.im/share/PHsZs4vN5G8TMse5zTenaa
4 - 2102.07033v1,2:25,2:37,0:12,1077,https://manus.im/share/2lJ6aaF1Z3bZP4nK0Vxvhx
5 - 1904.06472v2,2:46,2:52,0:06,696,https://manus.im/share/k50RvAdX3yKkar1uZcfyWf
6 - 1908.04913v1,3:08,3:18,0:10,252,https://manus.im/share/h3CJCtIayIdUZuPehntUtA
7 - 2103.00020v1,3:21,3:30,0:09,348,https://manus.im/share/gJ917heaRHjj16lukGtkoY
8 - 1810.04805v2,3:32,3:42,0:10,278,https://manus.im/share/TFhdEX5pz8ya5HKor4JYva
9 - 1911.02116v2,3:44,3:53,0:09,289,https://manus.im/share/Ck98t6HwNjPlRKNxMhwyp1
10 - 2212.06522v1,11:44,11:56,0:12,512,https://manus.im/share/Rjx30yKf4Vebo6eo2ksV0Q
11 - 2203.05325v2,11:57,12:05,0:08,376,https://manus.im/share/r3KQrzTSJvru1WyqB436rQ
12 - 2005.11184v1,10:22,10:34,0:12,638,https://manus.im/share/uCoMQ0hwRoehYgkdxUQKj7
13 - 2211.14208v3,12:17,12:31,0:14,666,https://manus.im/share/JK06ubS0ScZGF6Slg2t1BX
14 - 2005.00512v1,12:32,12:52,0:20,602,https://manus.im/share/V73Vbua75BnN11HT7tWzPO