Paper,Repo,Paper_Entities,Repo_Entities,Source,Domain
https://arxiv.org/pdf/2005.00512,https://github.com/allenai/SciREX,148,~198,HyperPIE,CS
https://arxiv.org/pdf/2211.14208,https://github.com/jeongwhanchoi/GREAD,288,,HyperPIE,
https://arxiv.org/pdf/2005.11184,https://github.com/raotnameh/End-to-end-E2E-Named-Entity-Recognition-from-English-Speech,110,,HyperPIE,
https://arxiv.org/pdf/1808.09602,https://bitbucket.org/luanyi/scierc/src/master/,161,,HyperPIE,
https://arxiv.org/pdf/2203.05325,https://github.com/nicpopovic/RE1st,85,,HyperPIE,
https://arxiv.org/pdf/2212.06522,https://github.com/zenhjunpro/ATSEN,229,,HyperPIE,
https://ecai2020.eu/papers/1567_paper.pdf,https://github.com/yzhihao/STGCN,-,-,tc survey,
https://link.springer.com/article/10.1007/s00521-023-08602-0,https://github.com/cgao-comp/GLTC,-,-,tc survey,
https://aclanthology.org/2021.findings-acl.126.pdf,https://github.com/ZeroRin/BertGCN,-,-,tc survey,
https://arxiv.org/pdf/2008.12828,https://github.com/behavioral-data/CORAL,-,-,tc survey,
https://arxiv.org/abs/2109.03777,https://github.com/lgalke/text-clf-baselines,,,ansgar,
https://arxiv.org/abs/2501.13598,https://github.com/yousef-younes/RADAr,,,ansgar,
https://arxiv.org/abs/2406.09926v1,https://github.com/Bobowner/POWN,,,ansgar,
https://arxiv.org/pdf/2402.14579v1,https://github.com/hjkimk/text-role-classification,,,ansgar,
https://arxiv.org/abs/2407.18036,https://github.com/jofranky/Multi-View-Structural-Graph-Summaries,,,ansgar,
,,,,,
,,,,,
,,,,,
https://osf.io/preprints/psyarxiv/4tcv5_v1,https://osf.io/c2zgk/?view_only=,-,-,OSF,Social Sciences
https://osf.io/preprints/psyarxiv/fgkzx_v1,https://osf.io/8p7kc/,-,-,OSF,
https://osf.io/preprints/psyarxiv/8mdhc_v1,https://osf.io/vym96/,-,-,OSF,
https://aclanthology.org/2021.findings-emnlp.398.pdf,https://github.com/anjisun221/Anti-Asian-Slurs,-,-,Soda Lab,
https://arxiv.org/pdf/2305.07721,https://github.com/simonvalentin/boed-tutorial,-,-,ChaGPT,
https://compass.onlinelibrary.wiley.com/doi/full/10.1111/spc3.12941,https://github.com/mwelz/OpenScienceML_Replication,-,-,ChaGPT,
https://arxiv.org/pdf/2010.11413,https://github.com/doerlbh/HumanLSTM,-,-,ChaGPT,
https://www.jstatsoft.org/article/view/v100i18,https://www.jstatsoft.org/article/view/v100i18,-,-,jstatsoft,
https://www.jstatsoft.org/article/view/v091i02,https://www.jstatsoft.org/article/view/v091i02,-,-,jstatsoft,
https://www.jstatsoft.org/article/view/v071i08,https://www.jstatsoft.org/article/view/v071i08,-,-,jstatsoft,
https://www.nature.com/articles/s41599-020-00678-6,https://github.com/DCMLab/HistoryModes_DataCode,-,-,Manus,
https://journals.plos.org/ploscompbiol/article?id=10.1371/journal.pcbi.1009149,https://github.com/InstituteforDiseaseModeling/covasim/blob/main/covasim/parameters.py,-,-,Manus,